date,company,sector,role,role_type,channel,status,contact_person,fit_rating,notes,cv_file,cover_letter_file,source
2026-10-06,Infilla,Govtech,UX/UI Designer,Product Designer,online,applied,,,ENVIADA via HM (Dover). LatAm/contract-friendly.,,,https://app.dover.com/apply/Infilla/7b732982-ee86-4d73-81fd-aa2269151638
2026-10-06,Blacksmith Agency,Agency,Senior Product Designer Design Systems,Product Designer,online,applied,,,ENVIADA via HM. Pretensão decided $35/hr (research ~$30-40/hr or $60-75k).,,,https://jobs.intodesignsystems.com/jobs/blacksmith-agency-design-systems-designer-remote-latam-l3hc08
2026-10-05,Mavila Consulting,Consulting,Product Designer,Product Designer,online,applied,,,ENVIADA via HM. Pretensão decided $75/h.,,,
2026-10-05,Infinity Labrynth,AI,Senior Product Designer,Product Designer,online,applied,,,ENVIADA via HM. Pretensão decided $60-80k.,,,
2026-10-05,Clera,AI,Freelance Product Designer Fractional,Product Designer,online,applied,,,ENVIADA via HM. Fractional/freelance.,,,
2026-10-05,YO AI Labs,AI,Product Designer,Product Designer,online,applied,,,ENVIADA via HM (micro1). Pretensão decided $110/h.,,,
2026-10-05,Breakmark,AI,AI-Native Product Designer,Product Designer,online,applied,,,ENVIADA via HM.,,,
2026-10-05,Flex Staff,Staffing,Product Designer Contract,Product Designer,online,applied,,,ENVIADA via HM (Greenhouse).,,,
2026-10-02,DuckDuckGo,Search/Privacy,Senior Product Designer,Product Designer,online,applied,,,ENVIADA via HM.,,,
2026-10-02,RevenueCat,Fintech/SaaS,Senior Product Designer,Product Designer,online,applied,,,ENVIADA via HM.,,,
2026-10-02,Donorbox,Nonprofit tech,Senior Product Designer,Product Designer,online,applied,,,ENVIADA via HM. Pretensão decided $75k.,,,
2026-10-02,Aleph,AI,Staff Product Designer,Product Designer,online,applied,,,ENVIADA via HM.,,,
2026-10-02,ElevenLabs,AI,Product Designer,Product Designer,online,applied,,,ENVIADA via HM.,,,
2026-10-02,Oneleet,Security,Senior Product Designer,Product Designer,online,applied,,,ENVIADA via HM.,,,
2026-10-02,Deel,HR tech,Senior Staff Product Designer AI,Product Designer,online,applied,,,ENVIADA via HM.,,,
2026-10-02,Aligned,SaaS,Senior Product Designer,Product Designer,online,applied,,,ENVIADA via HM.,,,
2026-10-02,Runway,AI,Senior/Staff Product Designer,Product Designer,online,applied,,,ENVIADA via HM.,,,
2026-10-02,MetaMask,Crypto,Lead Product Designer,Product Designer,online,applied,,,ENVIADA via HM.,,,
2026-09-29,Scentbird,E-commerce,Senior Product Designer,Product Designer,online,applied,,,ENVIADA via HM. Rippling listing still live as of 2026-10-06 digest.,,,
2024,Remote.com,HR tech,Product Designer,Product Designer,online,applied,,,Earlier ENVIADA (Notion archive 2024). Exact day unknown; year from folder.,,,
2026-10-06,doola,Fintech,Product Designer,Product Designer,online,,,,PENDING: captcha blocked ATS. Pretensão researched $50-65k (not yet submitted).,,,
2026-10-06,ArcTouch,Agency,Product Designer,Product Designer,online,,,,PENDING: accessibility questionnaire/hold.,,,
2026-10-06,RootstockLabs,Crypto,Senior Product Designer,Product Designer,online,,,,HOLD: essays need André approval (Essays Notion) before submit.,,,https://job-boards.eu.greenhouse.io/rootstocklabsltd/jobs/4860266101
2026-10-06,Bolder Apps,Agency,UI/UX Product Designer,Product Designer,online,,,,PENDING: in progress / next /apply. Comp research ~$40-60/hr.,,,https://apply.workable.com/bolderapps/j/F83931C020/
2026-10-06,Tellos,Healthtech,Product Design Engineer,Product Designer,online,,,,PENDING: in progress / next /apply.,,,https://jobs.ashbyhq.com/tellos/78fe527a-bc16-465a-935c-61126d821f10
2026-10-06,Stellar Tech,Edtech,Product Designer and Builder SmartyMe,Product Designer,online,,,,PENDING: in progress / next /apply. Comp context ~$48-84k/yr contractor.,,,https://stellartech.bamboohr.com/careers/261
2026-10-06,Tether,Crypto,Senior Product Designer Wallets,Product Designer,online,,,,PENDING: queue for /apply or HM.,,,https://careers.tether.io/o/senior-product-designer-wallets-100-remote-worldwide
2026-10-06,BairesDev,Staffing,Product Designer,Product Designer,online,,,,PENDING: queue / hold.,,,
2026-10-06,Premise,Data,Product Designer,Product Designer,online,,,,PENDING: queue / hold.,,,
2026-10-06,The Flex,SaaS,Product Designer,Product Designer,online,,,,PENDING: Ashby listing — queue / hold.,,,
2026-10-06,Helpjuice,SaaS,Product Designer,Product Designer,online,,,,PENDING: queue / hold.,,,
2026-10-06,Chess.com,Gaming,Product Designer,Product Designer,online,,,,HOLD: paused (false expired alert 2026-10; still live on board).,,,
