Features,Google Meet,Zoom
Microphone,"- Keyboard shortcut turn on/off
- Use an icon as a visual clue when emitting audio, and when camera is off shows a visual effect arround the photo
- Audio settings","- Keyboard shortcut turn on/off with a easy way to temporarily turn on
- Use the microphone icon as a visual clue when emitting audio
- Audio settings"
Home,Join meeting or star a new one,"- Join meeting or star a new one
- Chat
- Meeting calendar
- Contacts"
Camera,"- Keyboard shortcut turn on/off [When it's off show Photo or First name letter]
- Apply Filters
- Change background
- Video settings","- Keyboard shortcut turn on/off [When it's off show Photo or First name letter]
- Apply Filters
- Change background
- Video settings"
Share Screen,,
Participants,"- Up to 250 participants
- Join a meeting using the web browser","- Up to 1000 participants
- Possibility to control participants audio/video
- Join a meeting downloading the app or using the web browser"
Chat,Send messages using the chat,Send messages/files using the chat
Subtitles,Subtitles generated automatically,Doesn't have
Reactions,Doesn't have,Possibility to interact using reactions/emojis
Other Options,"Google meets has just a few other options, like open a Jam board or change the background. Much less options then Zoom has.","Zoom has a lot of options to personalize the video conference experience. In my opinion what differentiates it from Google Meet are the security options, and the features to divide the participants in small groups."
Settings,"Google Meet has just a few options to seetup the audio and video basically. ","Zoom has a lot of settings options, and it's possible to change the settings for basically everything on the system."
End call,"End the call immediately withou any confirmation ",Show a confirmation message to end a call